{"1": 3.8939420489275476e-11, "2": 4.820909577465079e-11, "3": 3.7654174844224733e-11, "4": 3.4408382033879654e-11, "5": 3.71606116033338e-11, "6": 4.2857770457546703e-11, "7": 4.0014130041904484e-11, "8": 4.2973507867026416e-11, "9": 3.5329971795355865e-11, "10": 3.885188650673096e-11, "11": 4.2740948575857536e-11, "12": 3.563215413748549e-11, "13": 3.336669248793704e-11, "14": 3.589144768247095e-11, "15": 3.3538115077258073e-11, "16": 3.539019123752352e-11, "17": 3.168090383763411e-11, "18": 3.412409841982201e-11, "19": 3.1520665794945385e-11, "20": 3.240238204940802e-11, "21": 3.2455227378525624e-11, "22": 3.451685109316897e-11, "23": 3.215843360153867e-11, "24": 3.369960864692712e-11, "25": 4.172647287280247e-11, "26": 3.83233626266891e-11, "27": 4.92715210184989e-11, "28": 3.5010896460520796e-11, "29": 3.459558170990598e-11, "30": 4.086774516778119e-11, "31": 3.037338069358488e-11, "32": 3.03505513606196e-11, "33": 3.435484958651966e-11, "34": 3.421897888884429e-11, "35": 3.1016511200838395e-11, "36": 3.210901350144036e-11, "37": 1.1492539953706708e-10, "38": 2.0364639480972895e-10, "39": 2.759799558955407e-11, "40": 2.7988604584593477e-11, "41": 2.808061691344241e-11, "42": 2.909099027638101e-11, "43": 2.9709915233754374e-11, "44": 3.431895210682284e-11, "45": 3.5018188101480534e-11, "46": 3.055109422515218e-11, "47": 3.040429793539543e-11, "48": 2.982938994086069e-11, "49": 6.039677036275127e-11, "50": 4.033734097803966e-11, "51": 8.45947361335376e-11, "52": 3.755062331142069e-11, "53": 3.898893530341424e-11, "54": 3.827533460653003e-11, "55": 3.7562813805792726e-11, "56": 6.581258131703416e-11, "57": 5.253294483777986e-11, "58": 4.7001780720050305e-11, "59": 3.127732360852436e-11, "60": 7.462670014929053e-11, "61": 4.9971838067920664e-11, "62": 3.3151985481832654e-11, "63": 9.301853305361432e-11, "64": 6.486557014325275e-11, "65": 1.400500227975405e-10, "66": 4.432017909249879e-11, "67": 2.9280002400049924e-11, "68": 3.042548426331133e-11, "69": 4.461689449337365e-11, "70": 3.2741507512016e-11, "71": 4.1344140203801465e-11, "72": 4.0998324491416644e-11, "73": 6.356727706903231e-11, "74": 3.5439729980636014e-11, "75": 4.4105464579378545e-11, "76": 4.0222591677079954e-11, "77": 4.213170489009938e-11, "78": 3.667292321568318e-11, "79": 6.96124690437625e-11, "80": 5.984592085700015e-11, "81": 6.04753576476757e-11, "82": 6.902010868217187e-11, "83": 6.661915732481499e-11, "84": 9.770668802081448e-11, "85": 7.804316904220507e-11, "86": 7.43068599505449e-11, "87": 3.9319451787861926e-11, "88": 3.982815063204219e-11, "89": 3.672454758708307e-11, "90": 4.2115708987806825e-11, "91": 3.6860979626076254e-11, "92": 3.642908548135506e-11, "93": 3.693082290548268e-11, "94": 4.216255199789137e-11, "95": 8.819975385608603e-11, "96": 5.358278019586216e-11, "97": 7.747547683725015e-11, "98": 1.5677853050419007e-10, "99": 5.7140183171761177e-11, "100": 3.99841461319013e-11, "101": 5.6148631607547105e-11, "102": 4.39344660922808e-11, "103": 4.026959769713865e-11, "104": 2.180909330614676e-09, "105": 1.1222426472421576e-10, "106": 3.960275197471213e-11, "107": 8.200056228248062e-11, "108": 7.22093983408804e-11, "109": 5.314468491984759e-11, "110": 6.12648170957919e-10, "111": 2.37783722884489e-10, "112": 1.4161030742953777e-10, "113": 1.1139963242310456e-10, "114": 6.730014071751042e-11, "115": 8.503873594170859e-11, "116": 6.534219539296046e-11, "117": 6.424809543046213e-11, "118": 1.8054121537485508e-10, "119": 7.992296730095242e-11, "120": 1.1880495715783666e-10, "121": 2.4882344219644127e-10, "122": 1.8645874687016876e-10, "123": 1.184494506698825e-10, "124": 6.330694807984447e-10, "125": 4.216970595921856e-10, "126": 7.145737951876779e-10, "127": 5.07162140346145e-10, "128": 0.0054644817018722576, "129": 3.269334771319211e-11, "130": 2.945457195709349e-11, "131": 2.8318373871786098e-11, "132": 2.7736166184227287e-11, "133": 2.5652498929929105e-11, "134": 2.8224454763646388e-11, "135": 2.7691145598702243e-11, "136": 2.3169697229062117e-11, "137": 3.306932412061419e-11, "138": 3.1353254055328545e-11, "139": 4.9261413742928604e-11, "140": 5.0355886401301515e-11, "141": 6.282872625531172e-11, "142": 8.806425282313601e-11, "143": 1.5671448092018226e-10, "144": 1.3171234606061528e-10, "145": 2.940829237087117e-11, "146": 1.1242012744310027e-10, "147": 9.122084065825813e-11, "148": 2.548080021766423e-10, "149": 1.6758298161298034e-10, "150": 2.9435209690711624e-09, "151": 7.863471888464267e-11, "152": 1.1991127461346e-10, "153": 1.252091397723368e-10, "154": 1.4337242932890714e-10, "155": 1.4225485499172056e-10, "156": 1.230616401112672e-10, "157": 1.8700380011914427e-10, "158": 2.2465226966963507e-10, "159": 1.3710970105994948e-10, "160": 2.1504402768012415e-10, "161": 1.3050984263910088e-10, "162": 2.1147298750862048e-10, "163": 1.470148701317933e-10, "164": 1.0937501891399183e-10, "165": 1.7511518056267947e-10, "166": 1.680789801287954e-10, "167": 3.0759542421000213e-10, "168": 6.639743157669431e-10, "169": 4.121468453039209e-10, "170": 1.273524502873532e-10, "171": 1.4451485828349426e-10, "172": 1.8720641932734036e-10, "173": 2.1553230945429875e-10, "174": 1.966779759416313e-10, "175": 1.935944798561614e-10, "176": 1.5018563002353398e-10, "177": 1.5404053574520026e-10, "178": 2.0641299709195961e-10, "179": 1.609796835123819e-09, "180": 2.031801073650103e-09, "181": 9.572617111369815e-10, "182": 1.6349793073460012e-09, "183": 7.239456716565822e-10, "184": 8.563575825721903e-10, "185": 7.541420410912577e-10, "186": 0.027322405627755324, "187": 1.0907248841246234e-09, "188": 1.1023029481145838e-09, "189": 1.8751428394653378e-09, "190": 2.7767720570976137e-09, "191": 3.131173405758433e-09, "192": 2.574940183664647e-09, "193": 2.6598122435093417e-09, "194": 3.266340617149791e-09, "195": 3.953236029838821e-09, "196": 1.8946135726266425e-09, "197": 2.2388828086356205e-09, "198": 1.489340899409873e-09, "199": 2.270659900753738e-09, "200": 1.9285433793635935e-09, "201": 0.28415300718568565, "202": 0.3224043747302039, "203": 0.3934426317372686, "204": 0.24043715848443173, "205": 0.07650273225805103, "206": 0.19125683061651866, "207": 0.060109289635413156, "208": 0.27868852460392096, "209": 0.31693989072341017, "210": 0.21311475411336872, "211": 0.23497267761022025, "212": 0.355191256842899, "213": 0.23497267761021953, "214": 0.3497267759686864, "215": 0.37158469946553724, "216": 0.32240437159762303, "217": 0.3169398907234103, "218": 0.33333333334604853, "219": 0.3060109289749848, "220": 0.4098360655850261, "221": 0.28415300547813394, "222": 0.30601092897498466, "223": 0.393442622962388, "224": 0.3715846994655374, "225": 0.39890710383660066, "226": 0.33333333334604814, "227": 0.4972677595724296, "228": 0.40437158471081336, "229": 0.37704918033974966, "230": 0.34426229509447365, "231": 0.36065573771711174, "232": 0.19672131149073058, "233": 0.03825136613856257, "234": 0.03278688526434979, "235": 0.4371584699560899, "236": 0.4590163934529405, "237": 0.24590163935864484, "238": 0.08196721313226372, "239": 0.2021857923649437, "240": 0.4371584699560899, "241": 0.45901639345294065, "242": 0.31147540984919797, "243": 0.2513661202328573, "244": 0.4043715847108135, "245": 0.3606557377171121, "246": 0.34426229509447354, "247": 0.37704918033974977, "248": 0.45355191257872807, "249": 0.45355191257872784, "250": 0.44808743170451537, "251": 0.3551912568428993, "252": 0.3278688524718356, "253": 0.3114754098491974, "254": 0.3169398907234103, "255": 0.26775956285549574, "256": 0.3333333333460483, "257": 0.43169398908187717, "258": 0.42076502733345134, "259": 0.30601092897498466, "260": 0.42622950820766453, "261": 0.37158469946553757, "262": 0.4644808743271534, "263": 0.3224043715976227, "264": 0.3497267759686865, "265": 0.1748633879938804, "266": 0.4808743169497914, "267": 0.3278688524718353, "268": 0.44262295083030273, "269": 0.4590163934529406, "270": 0.311475409849197, "271": 0.16393442624545507, "272": 0.05464480876120053, "273": 0.2349726776102201, "274": 0.38251366121396296,