{"1": 2.720458407157178e-11, "2": 3.2499995750168154e-11, "3": 2.542952480533156e-11, "4": 2.2446424927102804e-11, "5": 2.474028273913298e-11, "6": 2.883998422020806e-11, "7": 2.804508014708773e-11, "8": 3.1163661928790276e-11, "9": 2.478760946500458e-11, "10": 2.7231557286899744e-11, "11": 3.028171116636891e-11, "12": 2.5772418921210516e-11, "13": 2.3843104574039486e-11, "14": 2.582412408913548e-11, "15": 2.3393478126854106e-11, "16": 2.507135644924663e-11, "17": 2.1789075752010056e-11, "18": 2.3410494029429962e-11, "19": 2.1514491577168116e-11, "20": 2.2182696651773526e-11, "21": 2.1959344065347608e-11, "22": 2.389139927561068e-11, "23": 2.2278030115119307e-11, "24": 2.3443478061602185e-11, "25": 2.8992055284282614e-11, "26": 2.6715976653157725e-11, "27": 3.137903825667365e-11, "28": 2.37888736487335e-11, "29": 2.417280958733059e-11, "30": 2.979874333397525e-11, "31": 2.0862330959992015e-11, "32": 2.0497962702203942e-11, "33": 2.392385942129316e-11, "34": 2.460583646557435e-11, "35": 2.1104387334935915e-11, "36": 2.199936066649144e-11, "37": 7.498667659033842e-11, "38": 1.3989646940881784e-10, "39": 1.8599441431454977e-11, "40": 1.9023374889237665e-11, "41": 1.8813622534863406e-11, "42": 1.9590357114296353e-11, "43": 2.004914810560532e-11, "44": 2.279805511040678e-11, "45": 2.328523658612358e-11, "46": 2.00107985737219e-11, "47": 2.0618338633648925e-11, "48": 2.0522233218356334e-11, "49": 3.983376128946503e-11, "50": 2.802282364489095e-11, "51": 5.560364321754996e-11, "52": 2.5521609131606837e-11, "53": 2.631761128468746e-11, "54": 2.68166253092339e-11, "55": 2.564520644454671e-11, "56": 4.13983743119406e-11, "57": 3.364520120840986e-11, "58": 3.1728453198098805e-11, "59": 2.0764695518593612e-11, "60": 5.061073782286485e-11, "61": 3.455413385977657e-11, "62": 2.2351074116522263e-11, "63": 6.740950159178638e-11, "64": 4.205562634251869e-11, "65": 8.159325992629363e-11, "66": 2.910001233036308e-11, "67": 2.0792043434192387e-11, "68": 2.1870165400894592e-11, "69": 3.1364959240942625e-11, "70": 2.4024730121974258e-11, "71": 2.8218805764312904e-11, "72": 2.923687680844722e-11, "73": 4.247315693595155e-11, "74": 2.5885935756031486e-11, "75": 3.190731706625982e-11, "76": 2.946179411544847e-11, "77": 3.007875892802048e-11, "78": 2.6809814784867214e-11, "79": 4.686186508284784e-11, "80": 4.0730870065619484e-11, "81": 4.079275112145453e-11, "82": 4.614607654329639e-11, "83": 4.6842266177016256e-11, "84": 6.412312347769955e-11, "85": 5.548217094086816e-11, "86": 5.215569989780455e-11, "87": 2.5357747152066068e-11, "88": 2.6974115649447405e-11, "89": 2.3684968916692917e-11, "90": 2.8551322764358567e-11, "91": 2.4915959920268627e-11, "92": 2.370112786587164e-11, "93": 2.4372988002840934e-11, "94": 2.7316782516551008e-11, "95": 6.216427372862654e-11, "96": 3.884324459302313e-11, "97": 5.1847370147184435e-11, "98": 1.1004860217544987e-10, "99": 3.702586501286298e-11, "100": 2.6581970999361992e-11, "101": 3.8253115952624483e-11, "102": 2.959053141404766e-11, "103": 2.7280880679492192e-11, "104": 1.1112206710350847e-09, "105": 9.045864057810604e-11, "106": 2.7387186268823527e-11, "107": 5.877640735230116e-11, "108": 4.983434151450972e-11, "109": 3.907075704634444e-11, "110": 5.333759545145256e-10, "111": 1.5967197009025824e-10, "112": 9.036347364821395e-11, "113": 7.962890763435482e-11, "114": 4.590610530597061e-11, "115": 5.758242493936194e-11, "116": 4.606853093447327e-11, "117": 4.279537488272034e-11, "118": 1.1420025342046003e-10, "119": 4.757698401913757e-11, "120": 8.174739357658112e-11, "121": 1.419559192417097e-10, "122": 1.2495540713253206e-10, "123": 7.496955140018358e-11, "124": 5.2287046914401e-10, "125": 2.602146553787321e-10, "126": 4.582851320655834e-10, "127": 2.737417792442187e-10, "128": 0.0054644811898469925, "129": 1.9490886335460367e-11, "130": 1.786942468995356e-11, "131": 1.7577621649889075e-11, "132": 1.7715103689530665e-11, "133": 1.6768350596940707e-11, "134": 1.797375789869271e-11, "135": 1.775890545729908e-11, "136": 1.5647681067543218e-11, "137": 2.091588534314237e-11, "138": 1.9643991294726604e-11, "139": 3.079060617583451e-11, "140": 3.1948031026241e-11, "141": 4.0001255779964495e-11, "142": 5.872415054231084e-11, "143": 1.0427154972791897e-10, "144": 8.569171067174253e-11, "145": 2.0809085357620383e-11, "146": 7.3420464152818e-11, "147": 5.909437522655381e-11, "148": 1.650927033969296e-10, "149": 1.0461299881914243e-10, "150": 2.3360511303138765e-09, "151": 4.6995581037823086e-11, "152": 7.316969252713079e-11, "153": 7.471920998591841e-11, "154": 8.851765154194169e-11, "155": 8.747078755755311e-11, "156": 7.51276540977841e-11, "157": 1.2688708417307737e-10, "158": 1.3512714558405747e-10, "159": 9.597372202518883e-11, "160": 1.4533788061932285e-10, "161": 8.907230508725661e-11, "162": 1.4647913437748628e-10, "163": 9.930905403576773e-11, "164": 7.151631370438949e-11, "165": 1.1303925157024608e-10, "166": 1.0219831925173395e-10, "167": 2.077186755933269e-10, "168": 4.2119899235082414e-10, "169": 3.088602706924348e-10, "170": 8.802763379334166e-11, "171": 9.651358878759453e-11, "172": 1.2347217692720847e-10, "173": 1.513909969608207e-10, "174": 1.3888845629139723e-10, "175": 1.3763232220576072e-10, "176": 1.070866173513707e-10, "177": 1.1184626835802902e-10, "178": 1.5759450688879184e-10, "179": 1.2945786664886327e-09, "180": 1.634372526204686e-09, "181": 6.420594611533659e-10, "182": 1.2066089238871314e-09, "183": 4.763779926086897e-10, "184": 6.282842579530268e-10, "185": 5.549410375671471e-10, "186": 0.027322404086589813, "187": 7.421964154374905e-10, "188": 7.389155953774207e-10, "189": 1.3079670679871924e-09, "190": 2.0026147407037342e-09, "191": 2.068738513827384e-09, "192": 1.717960995684109e-09, "193": 1.9787749216959583e-09, "194": 2.4637882845013337e-09, "195": 2.9238707011103315e-09, "196": 1.3569279033731618e-09, "197": 1.7777247451888911e-09, "198": 1.1067913252560402e-09, "199": 1.8391078659973914e-09, "200": 1.565152896176869e-09, "201": 0.2841529846191406, "202": 0.3224043548107147, "203": 0.3934426009654999, "204": 0.24043715000152588, "205": 0.0765027329325676, "206": 0.1912568211555481, "207": 0.06010928750038147, "208": 0.2786885201931, "209": 0.3169398903846741, "210": 0.21311475336551666, "211": 0.23497267067432404, "212": 0.35519126057624817, "213": 0.23497267067432404, "214": 0.34972676634788513, "215": 0.3715846836566925, "216": 0.3224043548107147, "217": 0.3169398903846741, "218": 0.3333333134651184, "219": 0.3060109317302704, "220": 0.4098360538482666, "221": 0.2841529846191406, "222": 0.3060109317302704, "223": 0.3934426009654999, "224": 0.3715846836566925, "225": 0.3989070951938629, "226": 0.3333333134651184, "227": 0.4972677528858185, "228": 0.40437155961990356, "229": 0.37704917788505554, "230": 0.3442622721195221, "231": 0.3606557250022888, "232": 0.19672130048274994, "233": 0.0382513664662838, "234": 0.032786883413791656, "235": 0.437158465385437, "236": 0.4590163826942444, "237": 0.24590162932872772, "238": 0.08196721225976944, "239": 0.20218577980995178, "240": 0.437158465385437, "241": 0.4590163826942444, "242": 0.31147539615631104, "243": 0.25136610865592957, "244": 0.40437155961990356, "245": 0.3606557250022888, "246": 0.3442622721195221, "247": 0.37704917788505554, "248": 0.45355188846588135, "249": 0.45355188846588135, "250": 0.4480874240398407, "251": 0.35519126057624817, "252": 0.32786884903907776, "253": 0.31147539615631104, "254": 0.3169398903846741, "255": 0.2677595615386963, "256": 0.3333333134651184, "257": 0.431693971157074, "258": 0.4207650125026703, "259": 0.3060109317302704, "260": 0.4262295067310333, "261": 0.3715846836566925, "262": 0.46448084712028503, "263": 0.3224043548107147, "264": 0.34972676634788513, "265": 0.17486338317394257, "266": 0.48087430000305176, "267": 0.32786884903907776, "268": 0.44262292981147766, "269": 0.4590163826942444, "270": 0.31147539615631104, "271": 0.16393442451953888, "272": 0.054644808173179626, "273": 0.23497267067432404, "274": 0.3825136423110962,