{"1": 0.4523329852057285, "2": 0.451612334026665, "3": 0.4514842008143826, "4": 0.4514723199475658, "5": 0.45146886361101285, "6": 0.4514813392214436, "7": 0.4514686414778558, "8": 0.45146898151746867, "9": 0.45192592269410203, "10": 0.4514667197980516, "11": 0.4514664547528074, "12": 0.45146581188577123, "13": 0.45146549822854215, "14": 0.4514654479880151, "15": 0.4514652813881473, "16": 0.45146711610379764, "17": 0.4514653876505263, "18": 0.45146590878403253, "19": 0.4514658693733111, "20": 0.45146554187347326, "21": 0.451465726875868, "22": 0.4514658407109683, "23": 0.4514654362625112, "24": 0.4514660029951992, "25": 0.45146593492213494, "26": 0.4514668339588603, "27": 0.45157799955274236, "28": 0.4514651928768783, "29": 0.45146517406721587, "30": 0.45146523701037217, "31": 0.4514651028184943, "32": 0.4514652072080498, "33": 0.45146629108431563, "34": 0.45146514825482187, "35": 0.4514650887316042, "36": 0.4514661167488723, "37": 0.45159316844627506, "38": 0.4515287571591758, "39": 0.45146527576967665, "40": 0.45146505192655034, "41": 0.4514650499722997, "42": 0.4514650406896091, "43": 0.4514650430509953, "44": 0.45146503710681624, "45": 0.4514650497280183, "46": 0.45146502945266787, "47": 0.45146503555970113, "48": 0.4515553181940089, "49": 0.4514691569928915, "50": 0.4514892494580785, "51": 0.45149933387998675, "52": 0.4514653080148124, "53": 0.4514652460487814, "54": 0.45146586261486094, "55": 0.45146531974031623, "56": 0.4514658798774083, "57": 0.4514897036585, "58": 0.4514662285482949, "59": 0.4514650707362128, "60": 0.45146517504434114, "61": 0.4514651691001621, "62": 0.45146513188797266, "63": 0.45146517887141535, "64": 0.45146545881782074, "65": 0.45157190709491896, "66": 0.4514658279269119, "67": 0.45146541973280774, "68": 0.4514651989024845, "69": 0.4514653751921784, "70": 0.4514652367660908, "71": 0.45146510420275515, "72": 0.45146512920087806, "73": 0.4514661898704174, "74": 0.4514651301780034, "75": 0.45146516893730787, "76": 0.4514651248852412, "77": 0.45146507749466297, "78": 0.45146524857302184, "79": 0.4514670810087131, "80": 0.4514654428581071, "81": 0.4514650787160696, "82": 0.45146530524629064, "83": 0.4514650595806987, "84": 0.45146508124031004, "85": 0.45146554293202573, "86": 0.4514918930706431, "87": 0.4514654168014318, "88": 0.4514650572193125, "89": 0.4514650389796398, "90": 0.45146503946820243, "91": 0.4514650351525656, "92": 0.4514650445981104, "93": 0.45146510721555827, "94": 0.4514650630820644, "95": 0.45146658878183105, "96": 0.4514684853006582, "97": 0.4514651680416097, "98": 0.4514809493484393, "99": 0.4514650753775581, "100": 0.4514650643848982, "101": 0.4514650536365196, "102": 0.45146503629254514, "103": 0.45146503490828427, "104": 0.45148759836056196, "105": 0.45146762184758005, "106": 0.4514654271426748, "107": 0.4514652061494973, "108": 0.4514663805727099, "109": 0.4514748059172448, "110": 0.4515360623923807, "111": 0.4514700385227881, "112": 0.45146511853392657, "113": 0.4514652082666022, "114": 0.4514650739932972, "115": 0.4514650815660185, "116": 0.45146505025729455, "117": 0.45146508848732286, "118": 0.4514723734451773, "119": 0.4514655443162866, "120": 0.4514759383240684, "121": 0.45146742023405484, "122": 0.4514651792785509, "123": 0.45146505062371656, "124": 0.45147518642613144, "125": 0.45146598630264156, "126": 0.45147030796509624, "127": 0.4514708549109964, "128": 0.45174192918128653, "129": 0.4514652232491905, "130": 0.45146514906909296, "131": 0.4514651487433845, "132": 0.45146516633164036, "133": 0.4514653179896334, "134": 0.4514650809146016, "135": 0.4514652690112265, "136": 0.4514650894644482, "137": 0.4514651093326631, "138": 0.4514650954086272, "139": 0.45146511902248926, "140": 0.45146530239634175, "141": 0.45146929794321944, "142": 0.4514653940018409, "143": 0.4514652326133082, "144": 0.4514650445981104, "145": 0.45146504516810015, "146": 0.45146509638575255, "147": 0.4514650825431438, "148": 0.4514655324279285, "149": 0.45148301116430045, "150": 0.4514856831134994, "151": 0.4514650599064071, "152": 0.45146507179476525, "153": 0.45146503759537887, "154": 0.45146508514881134, "155": 0.4514650473666321, "156": 0.45146506642057593, "157": 0.4514803624218279, "158": 0.4515285009894866, "159": 0.4514650573821667, "160": 0.4514650408524633, "161": 0.4514650384910771, "162": 0.451465037676806, "163": 0.4514650327097523, "164": 0.4514650323026167, "165": 0.4514650309183558, "166": 0.4514650320583354, "167": 0.4514650651991693, "168": 0.45148669020400023, "169": 0.4514917178395016, "170": 0.45146521022085284, "171": 0.4514650423995784, "172": 0.45146504573808993, "173": 0.45146504663378817, "174": 0.4514650353968469, "175": 0.45146503189548115, "176": 0.45146503307617425, "177": 0.45146503246547093, "178": 0.4514682117055674, "179": 0.45147194245148226, "180": 0.4514704128432144, "181": 0.4514656062008905, "182": 0.4514685957158198, "183": 0.4514664055708328, "184": 0.4514668938892135, "185": 0.4514985143161211, "186": 0.45148894247787247, "187": 0.45146558804264486, "188": 0.451465286355201, "189": 0.4514988673840716, "190": 0.45154638596571206, "191": 0.45146511747537416, "192": 0.451465083438842, "193": 0.45146508742877045, "194": 0.45146525305151286, "195": 0.45146624638083205, "196": 0.4514650823802896, "197": 0.4514650562421872, "198": 0.45146505151941474, "199": 0.4514650547764992, "200": 0.451466048594381, "201": 0.4514682802671943, "202": 0.4514650241599057, "203": 0.4514653166460861, "204": 0.4514650344197216, "205": 0.45146505151941474, "206": 0.4514650468780695, "207": 0.45146505249654006, "208": 0.45146504915802854, "209": 0.4514650455752357, "210": 0.451465048750893, "211": 0.45146504663378817, "212": 0.45146503726967047, "213": 0.45146504362098505, "214": 0.4514650327097523, "215": 0.4514650297783763, "216": 0.4514650297783763, "217": 0.45146502741699013, "218": 0.45146502505560393, "219": 0.4514650246484683, "220": 0.45146502554416656, "221": 0.4514650220428008, "222": 0.45146502293849905, "223": 0.4514650218799466, "224": 0.4514650189485706, "225": 0.4514650204956857, "226": 0.4514650178085911, "227": 0.4514650306740745, "228": 0.45146502212422795, "229": 0.4514650223685093, "230": 0.4514650154472049, "231": 0.4514650178085911, "232": 0.45146502114710263, "233": 0.4514650254627395, "234": 0.451465028801251, "235": 0.4514650257070208, "236": 0.45146502684700035, "237": 0.45146501935570615, "238": 0.45146502619558343, "239": 0.45146502228708213, "240": 0.45146502481132256, "241": 0.45146502847554254, "242": 0.4514650196814146, "243": 0.4514650213099568, "244": 0.4514650336868776, "245": 0.4514650196814146, "246": 0.45146502057711285, "247": 0.45146501772716396, "248": 0.45146501927427907, "249": 0.4514650226127906, "250": 0.4514650314069185, "251": 0.4514650304297932, "252": 0.4514650203328315, "253": 0.45146502383419723, "254": 0.4514650228570719, "255": 0.4514650189485706, "256": 0.4514650240784786, "257": 0.45146502383419723, "258": 0.45146502082139417, "259": 0.4514650181342995, "260": 0.4514650260327292, "261": 0.45146502717270875, "262": 0.45146501935570615, "263": 0.4514650259513021, "264": 0.45146502008855016, "265": 0.45146502383419723, "266": 0.45146502790555276, "267": 0.4514650235084888, "268": 0.45146502611415634, "269": 0.4514650249741768, "270": 0.45146503547827405, "271": 0.4514650252184581, "272": 0.45146504044532776, "273": 0.4514650235899159, "274": 0.4514650235899159, "275": 0.45146502538131233, "276": 0.45146502847554254, "277": 0.4514650187042893, "278": 0.4514650200071231, "279": 0.4514650217985195, "280": 0.45146501878571643, "281": 0.4514650265212919, "282": 0.4514650219613737, "283": 0.4514650312440643, "284": 0.45146502481132256, "285": 0.45146502383419723, "286": 0.4514650204956857, "287": 0.45146503254689807, "288": 0.45146505135656056, "289": 0.4514650223685093, "290": 0.45146501992569593, "291": 0.451465020739967, "292": 0.4514650259513021, "293": 0.45146502293849905, "294": 0.45146502082139417, "295": 0.4514650281498341, "296": 0.45146501756430973,