{"1": 0.3399711549282074, "2": 0.406334787607193, "3": 0.34910982847213745, "4": 0.34037211537361145, "5": 0.3582276701927185, "6": 0.37679415941238403, "7": 0.36456772685050964, "8": 0.35758763551712036, "9": 0.35204339027404785, "10": 0.38938042521476746, "11": 0.3959487974643707, "12": 0.36207470297813416, "13": 0.34512627124786377, "14": 0.3676225244998932, "15": 0.35605067014694214, "16": 0.3746645450592041, "17": 0.3494780957698822, "18": 0.375331848859787, "19": 0.35641902685165405, "20": 0.3591812252998352, "21": 0.3660983741283417, "22": 0.35699546337127686, "23": 0.33323127031326294, "24": 0.35786500573158264, "25": 0.3681162893772125, "26": 0.37060263752937317, "27": 0.3946274220943451, "28": 0.34040895104408264, "29": 0.33155927062034607, "30": 0.355724960565567, "31": 0.31927424669265747, "32": 0.31724873185157776, "33": 0.2980439066886902, "34": 0.3217102289199829, "35": 0.32592061161994934, "36": 0.3390079140663147, "37": 0.28286537528038025, "38": 0.35200929641723633, "39": 0.2742311954498291, "40": 0.294474720954895, "41": 0.30222541093826294, "42": 0.3240616023540497, "43": 0.3324209749698639, "44": 0.36789849400520325, "45": 0.3538297116756439, "46": 0.35935038328170776, "47": 0.3492145240306854, "48": 0.21591030061244965, "49": 0.30134040117263794, "50": 0.3467727601528168, "51": 0.3358246386051178, "52": 0.3044233024120331, "53": 0.34256622195243835, "54": 0.32533368468284607, "55": 0.28660300374031067, "56": 0.30168914794921875, "57": 0.2670726180076599, "58": 0.3056665062904358, "59": 0.33779555559158325, "60": 0.40059101581573486, "61": 0.38552454113960266, "62": 0.338160902261734, "63": 0.4116986393928528, "64": 0.3031764030456543, "65": 0.3969069719314575, "66": 0.3323582708835602, "67": 0.2596869170665741, "68": 0.2957049608230591, "69": 0.36182737350463867, "70": 0.24344196915626526, "71": 0.3333347737789154, "72": 0.3276608884334564, "73": 0.3578488528728485, "74": 0.31248369812965393, "75": 0.2868974804878235, "76": 0.29527491331100464, "77": 0.3080739378929138, "78": 0.24023015797138214, "79": 0.38476231694221497, "80": 0.36790457367897034, "81": 0.37926942110061646, "82": 0.4013468325138092, "83": 0.4298301935195923, "84": 0.4014379680156708, "85": 0.41332507133483887, "86": 0.3844504654407501, "87": 0.3278769254684448, "88": 0.3172049820423126, "89": 0.33734357357025146, "90": 0.3610018491744995, "91": 0.34265944361686707, "92": 0.34734493494033813, "93": 0.34001466631889343, "94": 0.3502851724624634, "95": 0.35595381259918213, "96": 0.294282466173172, "97": 0.300370454788208, "98": 0.3552844822406769, "99": 0.3477225601673126, "100": 0.30745425820350647, "101": 0.3070703148841858, "102": 0.3148542642593384, "103": 0.32980331778526306, "104": 0.3893241286277771, "105": 0.34466880559921265, "106": 0.256382554769516, "107": 0.2293197065591812, "108": 0.32457590103149414, "109": 0.2865850329399109, "110": 0.3557818830013275, "111": 0.35881534218788147, "112": 0.3578410744667053, "113": 0.39250436425209045, "114": 0.35235095024108887, "115": 0.37902069091796875, "116": 0.33691322803497314, "117": 0.3273541033267975, "118": 0.3502359688282013, "119": 0.33668622374534607, "120": 0.28953954577445984, "121": 0.3831932842731476, "122": 0.34518811106681824, "123": 0.30611085891723633, "124": 0.41215577721595764, "125": 0.39514318108558655, "126": 0.35088127851486206, "127": 0.40982699394226074, "128": 0.2997867465019226, "129": 0.21660400927066803, "130": 0.17125262320041656, "131": 0.14591430127620697, "132": 0.14553312957286835, "133": 0.10016428679227829, "134": 0.13893568515777588, "135": 0.12446172535419464, "136": 0.08820510655641556, "137": 0.1576307713985443, "138": 0.13800771534442902, "139": 0.1808617115020752, "140": 0.1531640589237213, "141": 0.1989782452583313, "142": 0.2547236979007721, "143": 0.3609691858291626, "144": 0.3211473822593689, "145": 0.08464913070201874, "146": 0.26031291484832764, "147": 0.2680562138557434, "148": 0.3871975839138031, "149": 0.3370130956172943, "150": 0.3547576665878296, "151": 0.3440694808959961, "152": 0.34456270933151245, "153": 0.3784468173980713, "154": 0.3474608361721039, "155": 0.32574039697647095, "156": 0.2776522636413574, "157": 0.3792295455932617, "158": 0.25783389806747437, "159": 0.4455195665359497, "160": 0.44340065121650696, "161": 0.36480212211608887, "162": 0.4012279808521271, "163": 0.3724696934223175, "164": 0.32574838399887085, "165": 0.37370815873146057, "166": 0.40170732140541077, "167": 0.433418333530426, "168": 0.3611823618412018, "169": 0.34673011302948, "170": 0.2604098320007324, "171": 0.3347175419330597, "172": 0.2868211269378662, "173": 0.40104779601097107, "174": 0.4223712384700775, "175": 0.3882547914981842, "176": 0.28631019592285156, "177": 0.3309013545513153, "178": 0.3814685046672821, "179": 0.40880799293518066, "180": 0.3862721621990204, "181": 0.2818545401096344, "182": 0.41041067242622375, "183": 0.3705289959907532, "184": 0.3326224684715271, "185": 0.37876829504966736, "186": 0.31187334656715393, "187": 0.20638112723827362, "188": 0.19078488647937775, "189": 0.26901960372924805, "190": 0.4032936990261078, "191": 0.41129544377326965, "192": 0.38900673389434814, "193": 0.45918306708335876, "194": 0.41615036129951477, "195": 0.3453817069530487, "196": 0.32367825508117676, "197": 0.33436158299446106, "198": 0.2315451204776764, "199": 0.3075302243232727, "200": 0.32274892926216125, "201": 0.28992047905921936, "202": 0.33333370089530945, "203": 0.40983614325523376, "204": 0.24043715000152588, "205": 0.0765027329325676, "206": 0.1912568211555481, "207": 0.06010928750038147, "208": 0.2786885201931, "209": 0.3169398903846741, "210": 0.21311475336551666, "211": 0.23497267067432404, "212": 0.35519126057624817, "213": 0.23497267067432404, "214": 0.34972676634788513, "215": 0.3715846836566925, "216": 0.3224043548107147, "217": 0.3169398903846741, "218": 0.3333333134651184, "219": 0.3060109317302704, "220": 0.4098360538482666, "221": 0.2841529846191406, "222": 0.3060109317302704, "223": 0.3934426009654999, "224": 0.3715846836566925, "225": 0.3989070951938629, "226": 0.3333333134651184, "227": 0.4972677528858185, "228": 0.40437155961990356, "229": 0.37704917788505554, "230": 0.3442622721195221, "231": 0.3606557250022888, "232": 0.19672130048274994, "233": 0.0382513664662838, "234": 0.032786883413791656, "235": 0.437158465385437, "236": 0.4590163826942444, "237": 0.24590162932872772, "238": 0.08196721225976944, "239": 0.20218577980995178, "240": 0.437158465385437, "241": 0.4590163826942444, "242": 0.31147539615631104, "243": 0.25136610865592957, "244": 0.40437155961990356, "245": 0.3606557250022888, "246": 0.3442622721195221, "247": 0.37704917788505554, "248": 0.45355188846588135, "249": 0.45355188846588135, "250": 0.4480874240398407, "251": 0.35519126057624817, "252": 0.32786884903907776, "253": 0.31147539615631104, "254": 0.3169398903846741, "255": 0.2677595615386963, "256": 0.3333333134651184, "257": 0.431693971157074, "258": 0.4207650125026703, "259": 0.3060109317302704, "260": 0.4262295067310333, "261": 0.3715846836566925, "262": 0.46448084712028503, "263": 0.3224043548107147, "264": 0.34972676634788513, "265": 0.17486338317394257, "266": 0.48087430000305176, "267": 0.32786884903907776, "268": 0.44262292981147766, "269": 0.4590163826942444, "270": 0.31147539615631104, "271": 0.16393442451953888, "272": 0.054644808173179626, "273": 0.23497267067432404, "274": 0.3825136423110962, "275": 0.32786884903907776, "276": 0.35519126057624817, "277": 0.3060109317302704, "278": 0.32786884903907776, "279": 0.38797813653945923, "280": 0.3606557250022888, "281": 0.4972677528858185, "282": 0.46994534134864807, "283": 0.48087430000305176, "284": 0.3442622721195221, "285": 0.28961747884750366, "286": 0.30054643750190735, "287": 0.27322402596473694, "288": 0.02185792289674282, "289": 0.27322402596473694, "290": 0.4754098355770111, "291": 0.4480874240398407, "292": 0.5027322173118591, "293": 0.45355188846588135, "294": 0.44262292981147766, "295": 0.4863387942314148,